event_name,r_fighter,b_fighter,weight_class,is_title_bout
UFC 299: O'Malley vs. Vera 2,Sean O'Malley,Marlon Vera,UFC Bantamweight Title,1
UFC 298: Volkanovski vs. Topuria,Alexander Volkanovski,Ilia Topuria,UFC Featherweight Title,1
UFC 297: Strickland vs. Du Plessis,Sean Strickland,Dricus Du Plessis,UFC Middleweight Title,1
UFC 297: Strickland vs. Du Plessis,Raquel Pennington,Mayra Bueno Silva,UFC Women's Bantamweight Title,1
UFC 296: Edwards vs. Covington,Leon Edwards,Colby Covington,UFC Welterweight Title,1
UFC 296: Edwards vs. Covington,Alexandre Pantoja,Brandon Royval,UFC Flyweight Title,1
UFC 295: Prochazka vs. Pereira,Jiri Prochazka,Alex Pereira,UFC Light Heavyweight Title,1
UFC 295: Prochazka vs. Pereira,Sergei Pavlovich,Tom Aspinall,UFC Interim Heavyweight Title,1
UFC 294: Makhachev vs. Volkanovski 2,Islam Makhachev,Alexander Volkanovski,UFC Lightweight Title,1
UFC 293: Adesanya vs. Strickland,Israel Adesanya,Sean Strickland,UFC Middleweight Title,1
UFC 292: Sterling vs. O'Malley,Aljamain Sterling,Sean O'Malley,UFC Bantamweight Title,1
UFC 292: Sterling vs. O'Malley,Zhang Weili,Amanda Lemos,UFC Women's Strawweight Title,1
UFC 290: Volkanovski vs. Rodriguez,Alexander Volkanovski,Yair Rodriguez,UFC Featherweight Title,1
UFC 290: Volkanovski vs. Rodriguez,Brandon Moreno,Alexandre Pantoja,UFC Flyweight Title,1
UFC 289: Nunes vs. Aldana,Amanda Nunes,Irene Aldana,UFC Women's Bantamweight Title,1
UFC 288: Sterling vs. Cejudo,Aljamain Sterling,Henry Cejudo,UFC Bantamweight Title,1
UFC 287: Pereira vs. Adesanya 2,Alex Pereira,Israel Adesanya,UFC Middleweight Title,1
UFC 286: Edwards vs. Usman 3,Leon Edwards,Kamaru Usman,UFC Welterweight Title,1
UFC 285: Jones vs. Gane,Jon Jones,Ciryl Gane,UFC Heavyweight Title,1
UFC 285: Jones vs. Gane,Valentina Shevchenko,Alexa Grasso,UFC Women's Flyweight Title,1
UFC 284: Makhachev vs. Volkanovski,Islam Makhachev,Alexander Volkanovski,UFC Lightweight Title,1
UFC 284: Makhachev vs. Volkanovski,Yair Rodriguez,Josh Emmett,UFC Interim Featherweight Title,1
UFC 283: Teixeira vs. Hill,Glover Teixeira,Jamahal Hill,UFC Light Heavyweight Title,1
UFC 283: Teixeira vs. Hill,Deiveson Figueiredo,Brandon Moreno,UFC Flyweight Title,1
UFC 281: Adesanya vs. Pereira,Israel Adesanya,Alex Pereira,UFC Middleweight Title,1
UFC 281: Adesanya vs. Pereira,Carla Esparza,Zhang Weili,UFC Women's Strawweight Title,1
UFC 280: Oliveira vs. Makhachev,Charles Oliveira,Islam Makhachev,UFC Lightweight Title,1
UFC 280: Oliveira vs. Makhachev,Aljamain Sterling,TJ Dillashaw,UFC Bantamweight Title,1
UFC 278: Usman vs. Edwards,Kamaru Usman,Leon Edwards,UFC Welterweight Title,1
UFC 277: Pena vs. Nunes 2,Julianna Pena,Amanda Nunes,UFC Women's Bantamweight Title,1
UFC 277: Pena vs. Nunes 2,Brandon Moreno,Kai Kara-France,UFC Interim Flyweight Title,1
UFC 276: Adesanya vs. Cannonier,Israel Adesanya,Jared Cannonier,UFC Middleweight Title,1
UFC 276: Adesanya vs. Cannonier,Alexander Volkanovski,Max Holloway,UFC Featherweight Title,1
UFC 275: Teixeira vs. Prochazka,Glover Teixeira,Jiri Prochazka,UFC Light Heavyweight Title,1
UFC 275: Teixeira vs. Prochazka,Valentina Shevchenko,Taila Santos,UFC Women's Flyweight Title,1
UFC 274: Oliveira vs. Gaethje,Rose Namajunas,Carla Esparza,UFC Women's Strawweight Title,1
UFC 273: Volkanovski vs. The Korean Zombie,Alexander Volkanovski,Chan Sung Jung,UFC Featherweight Title,1
UFC 273: Volkanovski vs. The Korean Zombie,Aljamain Sterling,Petr Yan,UFC Bantamweight Title,1
UFC 271: Adesanya vs. Whittaker 2,Israel Adesanya,Robert Whittaker,UFC Middleweight Title,1
UFC 270: Ngannou vs. Gane,Francis Ngannou,Ciryl Gane,UFC Heavyweight Title,1
UFC 270: Ngannou vs. Gane,Brandon Moreno,Deiveson Figueiredo,UFC Flyweight Title,1
UFC 269: Oliveira vs. Poirier,Charles Oliveira,Dustin Poirier,UFC Lightweight Title,1
UFC 269: Oliveira vs. Poirier,Amanda Nunes,Julianna Pena,UFC Women's Bantamweight Title,1
UFC 268: Usman vs. Covington 2,Kamaru Usman,Colby Covington,UFC Welterweight Title,1
UFC 268: Usman vs. Covington 2,Rose Namajunas,Zhang Weili,UFC Women's Strawweight Title,1
UFC 267: Blachowicz vs. Teixeira,Jan Blachowicz,Glover Teixeira,UFC Light Heavyweight Title,1
UFC 267: Blachowicz vs. Teixeira,Petr Yan,Cory Sandhagen,UFC Interim Bantamweight Title,1
UFC 266: Volkanovski vs. Ortega,Alexander Volkanovski,Brian Ortega,UFC Featherweight Title,1
UFC 266: Volkanovski vs. Ortega,Valentina Shevchenko,Lauren Murphy,UFC Women's Flyweight Title,1
UFC 265: Lewis vs. Gane,Derrick Lewis,Ciryl Gane,UFC Interim Heavyweight Title,1
UFC 263: Adesanya vs. Vettori 2,Israel Adesanya,Marvin Vettori,UFC Middleweight Title,1
UFC 263: Adesanya vs. Vettori 2,Deiveson Figueiredo,Brandon Moreno,UFC Flyweight Title,1
UFC 262: Oliveira vs. Chandler,Charles Oliveira,Michael Chandler,UFC Lightweight Title,1
UFC 261: Usman vs. Masvidal 2,Kamaru Usman,Jorge Masvidal,UFC Welterweight Title,1
UFC 261: Usman vs. Masvidal 2,Zhang Weili,Rose Namajunas,UFC Women's Strawweight Title,1
UFC 261: Usman vs. Masvidal 2,Valentina Shevchenko,Jessica Andrade,UFC Women's Flyweight Title,1
UFC 260: Miocic vs. Ngannou,Stipe Miocic,Francis Ngannou,UFC Heavyweight Title,1
UFC 259: Blachowicz vs. Adesanya,Jan Blachowicz,Israel Adesanya,UFC Light Heavyweight Title,1
UFC 259: Blachowicz vs. Adesanya,Amanda Nunes,Megan Anderson,UFC Women's Featherweight Title,1
UFC 259: Blachowicz vs. Adesanya,Petr Yan,Aljamain Sterling,UFC Bantamweight Title,1
UFC 258: Usman vs. Burns,Kamaru Usman,Gilbert Burns,UFC Welterweight Title,1
UFC 255: Figueiredo vs. Perez,Deiveson Figueiredo,Alex Perez,UFC Flyweight Title,1
UFC 255: Figueiredo vs. Perez,Valentina Shevchenko,Jennifer Maia,UFC Women's Flyweight Title,1
UFC 254: Khabib vs. Gaethje,Khabib Nurmagomedov,Justin Gaethje,UFC Lightweight Title,1
UFC 253: Adesanya vs. Costa,Israel Adesanya,Paulo Costa,UFC Middleweight Title,1
UFC 253: Adesanya vs. Costa,Dominick Reyes,Jan Blachowicz,UFC Light Heavyweight Title,1
UFC 252: Miocic vs. Cormier 3,Stipe Miocic,Daniel Cormier,UFC Heavyweight Title,1
UFC Fight Night: Figueiredo vs. Benavidez 2,Deiveson Figueiredo,Joseph Benavidez,UFC Flyweight Title,1
UFC 251: Usman vs. Masvidal,Kamaru Usman,Jorge Masvidal,UFC Welterweight Title,1
UFC 251: Usman vs. Masvidal,Alexander Volkanovski,Max Holloway,UFC Featherweight Title,1
UFC 251: Usman vs. Masvidal,Petr Yan,Jose Aldo,UFC Bantamweight Title,1
UFC 250: Nunes vs. Spencer,Amanda Nunes,Felicia Spencer,UFC Women's Featherweight Title,1
UFC 249: Ferguson vs. Gaethje,Tony Ferguson,Justin Gaethje,UFC Interim Lightweight Title,1
UFC 249: Ferguson vs. Gaethje,Henry Cejudo,Dominick Cruz,UFC Bantamweight Title,1
UFC 248: Adesanya vs. Romero,Israel Adesanya,Yoel Romero,UFC Middleweight Title,1
UFC 248: Adesanya vs. Romero,Zhang Weili,Joanna Jedrzejczyk,UFC Women's Strawweight Title,1
UFC 247: Jones vs. Reyes,Jon Jones,Dominick Reyes,UFC Light Heavyweight Title,1
UFC 247: Jones vs. Reyes,Valentina Shevchenko,Katlyn Cerminara,UFC Women's Flyweight Title,1
UFC 245: Usman vs. Covington,Kamaru Usman,Colby Covington,UFC Welterweight Title,1
UFC 245: Usman vs. Covington,Max Holloway,Alexander Volkanovski,UFC Featherweight Title,1
UFC 245: Usman vs. Covington,Amanda Nunes,Germaine de Randamie,UFC Women's Bantamweight Title,1
UFC 243: Whittaker vs. Adesanya,Robert Whittaker,Israel Adesanya,UFC Middleweight Title,1
UFC 242: Khabib vs. Poirier,Khabib Nurmagomedov,Dustin Poirier,UFC Lightweight Title,1
UFC Fight Night: Andrade vs. Zhang,Jessica Andrade,Zhang Weili,UFC Women's Strawweight Title,1
UFC 241: Cormier vs. Miocic 2,Daniel Cormier,Stipe Miocic,UFC Heavyweight Title,1
UFC Fight Night: Shevchenko vs. Carmouche 2,Valentina Shevchenko,Liz Carmouche,UFC Women's Flyweight Title,1
UFC 240: Holloway vs. Edgar,Max Holloway,Frankie Edgar,UFC Featherweight Title,1
UFC 239: Jones vs. Santos,Jon Jones,Thiago Santos,UFC Light Heavyweight Title,1
UFC 239: Jones vs. Santos,Amanda Nunes,Holly Holm,UFC Women's Bantamweight Title,1
UFC 238: Cejudo vs. Moraes,Henry Cejudo,Marlon Moraes,UFC Bantamweight Title,1
UFC 238: Cejudo vs. Moraes,Valentina Shevchenko,Jessica Eye,UFC Women's Flyweight Title,1
UFC 237: Namajunas vs. Andrade,Rose Namajunas,Jessica Andrade,UFC Women's Strawweight Title,1
UFC 236: Holloway vs. Poirier 2,Max Holloway,Dustin Poirier,UFC Interim Lightweight Title,1
UFC 236: Holloway vs. Poirier 2,Kelvin Gastelum,Israel Adesanya,UFC Interim Middleweight Title,1
UFC 235: Jones vs. Smith,Jon Jones,Anthony Smith,UFC Light Heavyweight Title,1
UFC 235: Jones vs. Smith,Tyron Woodley,Kamaru Usman,UFC Welterweight Title,1
UFC Fight Night: Cejudo vs. Dillashaw,Henry Cejudo,TJ Dillashaw,UFC Flyweight Title,1
UFC 232: Jones vs. Gustafsson 2,Jon Jones,Alexander Gustafsson,UFC Light Heavyweight Title,1
UFC 232: Jones vs. Gustafsson 2,Cristiane Justino,Amanda Nunes,UFC Women's Featherweight Title,1
UFC 231: Holloway vs. Ortega,Max Holloway,Brian Ortega,UFC Featherweight Title,1
UFC 231: Holloway vs. Ortega,Valentina Shevchenko,Joanna Jedrzejczyk,UFC Women's Flyweight Title,1
The Ultimate Fighter: Heavy Hitters Finale,Juan Espino,Justin Frazier,Ultimate Fighter 28 Heavyweight Tournament Title,1
The Ultimate Fighter: Heavy Hitters Finale,Pannie Kianzad,Macy Chiasson,Ultimate Fighter 28 Women's Featherweight Tournament Title,1
UFC 230: Cormier vs. Lewis,Daniel Cormier,Derrick Lewis,UFC Heavyweight Title,1
UFC 229: Khabib vs. McGregor,Khabib Nurmagomedov,Conor McGregor,UFC Lightweight Title,1
UFC 228: Woodley vs. Till,Tyron Woodley,Darren Till,UFC Welterweight Title,1
UFC 227: Dillashaw vs. Garbrandt 2,TJ Dillashaw,Cody Garbrandt,UFC Bantamweight Title,1
UFC 227: Dillashaw vs. Garbrandt 2,Demetrious Johnson,Henry Cejudo,UFC Flyweight Title,1
UFC 226: Miocic vs. Cormier,Stipe Miocic,Daniel Cormier,UFC Heavyweight Title,1
The Ultimate Fighter: Undefeated Finale,Michael Trizano,Joe Giannetti,Ultimate Fighter 27 Lightweight Tournament Title,1
The Ultimate Fighter: Undefeated Finale,Jay Cucciniello,Brad Katona,Ultimate Fighter 27 Featherweight Tournament Title,1
UFC 225: Whittaker vs. Romero 2,Rafael Dos Anjos,Colby Covington,UFC Interim Welterweight Title,1
UFC 224: Nunes vs. Pennington,Amanda Nunes,Raquel Pennington,UFC Women's Bantamweight Title,1
UFC 223: Khabib vs. Iaquinta,Khabib Nurmagomedov,Al Iaquinta,UFC Lightweight Title,1
UFC 223: Khabib vs. Iaquinta,Rose Namajunas,Joanna Jedrzejczyk,UFC Women's Strawweight Title,1
UFC 222: Cyborg vs. Kunitskaya,Cristiane Justino,Yana Santos,UFC Women's Featherweight Title,1
UFC 220: Miocic vs. Ngannou,Stipe Miocic,Francis Ngannou,UFC Heavyweight Title,1
UFC 220: Miocic vs. Ngannou,Daniel Cormier,Volkan Oezdemir,UFC Light Heavyweight Title,1
UFC 219: Cyborg vs. Holm,Cristiane Justino,Holly Holm,UFC Women's Featherweight Title,1
UFC 218: Holloway vs. Aldo 2,Max Holloway,Jose Aldo,UFC Featherweight Title,1
The Ultimate Fighter: A New World Champion Finale,Nicco Montano,Roxanne Modafferi,UFC Women's Flyweight Title,1
UFC 217: Bisping vs. St-Pierre,Michael Bisping,Georges St-Pierre,UFC Middleweight Title,1
UFC 217: Bisping vs. St-Pierre,Cody Garbrandt,TJ Dillashaw,UFC Bantamweight Title,1
UFC 217: Bisping vs. St-Pierre,Joanna Jedrzejczyk,Rose Namajunas,UFC Women's Strawweight Title,1
UFC 216: Ferguson vs. Lee,Tony Ferguson,Kevin Lee,UFC Interim Lightweight Title,1
UFC 216: Ferguson vs. Lee,Demetrious Johnson,Ray Borg,UFC Flyweight Title,1
UFC 215: Nunes vs Shevchenko 2,Amanda Nunes,Valentina Shevchenko,UFC Women's Bantamweight Title,1
UFC 214: Cormier vs. Jones 2,Tyron Woodley,Demian Maia,UFC Welterweight Title,1
UFC 214: Cormier vs. Jones 2,Cristiane Justino,Tonya Evinger,UFC Women's Featherweight Title,1
UFC 213: Romero vs. Whittaker,Yoel Romero,Robert Whittaker,UFC Interim Middleweight Title,1
The Ultimate Fighter: Redemption Finale,Dhiego Lima,Jesse Taylor,Ultimate Fighter 25 Welterweight Tournament Title,1
UFC 212: Aldo vs. Holloway,Jose Aldo,Max Holloway,UFC Featherweight Title,1
UFC 211: Miocic vs. Dos Santos,Stipe Miocic,Junior Dos Santos,UFC Heavyweight Title,1
UFC 211: Miocic vs. Dos Santos,Joanna Jedrzejczyk,Jessica Andrade,UFC Women's Strawweight Title,1
UFC on FOX: Johnson vs. Reis,Demetrious Johnson,Wilson Reis,UFC Flyweight Title,1
UFC 210: Cormier vs. Johnson 2,Daniel Cormier,Anthony Johnson,UFC Light Heavyweight Title,1
UFC 209: Woodley vs. Thompson 2,Tyron Woodley,Stephen Thompson,UFC Welterweight Title,1
UFC 208: Holm vs. De Randamie,Holly Holm,Germaine de Randamie,UFC Women's Featherweight Title,1
UFC 207: Nunes vs. Rousey,Amanda Nunes,Ronda Rousey,UFC Women's Bantamweight Title,1
UFC 207: Nunes vs. Rousey,Dominick Cruz,Cody Garbrandt,UFC Bantamweight Title,1
UFC 206: Holloway vs. Pettis,Max Holloway,Anthony Pettis,UFC Interim Featherweight Title,1
The Ultimate Fighter: Tournament of Champions Finale,Demetrious Johnson,Tim Elliott,UFC Flyweight Title,1
UFC 205: Alvarez vs McGregor,Eddie Alvarez,Conor McGregor,UFC Lightweight Title,1
UFC 205: Alvarez vs McGregor,Joanna Jedrzejczyk,Karolina Kowalkiewicz,UFC Women's Strawweight Title,1
UFC Fight Night: Dos Anjos vs. Ferguson,Martin Bravo,Claudio Puelles,Ultimate Fighter Latin America 3 Lightweight Tournament Title,1
UFC 204: Bisping vs. Henderson,Michael Bisping,Dan Henderson,UFC Middleweight Title,1
UFC 203: Miocic vs. Overeem,Stipe Miocic,Alistair Overeem,UFC Heavyweight Title,1
UFC 201: Lawler vs. Woodley,Robbie Lawler,Tyron Woodley,UFC Welterweight Title,1
UFC 200: Tate vs Nunes,Miesha Tate,Amanda Nunes,UFC Women's Bantamweight Title,1
UFC 200: Tate vs Nunes,Jose Aldo,Frankie Edgar,UFC Interim Featherweight Title,1
The Ultimate Fighter: Team Joanna vs. Team Cláudia Finale,Joanna Jedrzejczyk,Claudia Gadelha,UFC Women's Strawweight Title,1
The Ultimate Fighter: Team Joanna vs. Team Cláudia Finale,Andrew Sanchez,Khalil Rountree Jr.,Ultimate Fighter 23 Light Heavyweight Tournament Title,1
The Ultimate Fighter: Team Joanna vs. Team Cláudia Finale,Tatiana Suarez,Amanda Cooper,Ultimate Fighter 23 Women's Strawweight Tournament Title,1
UFC Fight Night: Dos Anjos vs. Alvarez,Rafael Dos Anjos,Eddie Alvarez,UFC Lightweight Title,1
UFC 199: Rockhold vs. Bisping 2,Luke Rockhold,Michael Bisping,UFC Middleweight Title,1
UFC 199: Rockhold vs. Bisping 2,Dominick Cruz,Urijah Faber,UFC Bantamweight Title,1
UFC 198: Werdum vs Miocic,Fabricio Werdum,Stipe Miocic,UFC Heavyweight Title,1
UFC 197: Jones vs Saint Preux,Jon Jones,Ovince Saint Preux,UFC Interim Light Heavyweight Title,1
UFC 197: Jones vs Saint Preux,Demetrious Johnson,Henry Cejudo,UFC Flyweight Title,1
UFC 196: McGregor vs Diaz,Holly Holm,Miesha Tate,UFC Women's Bantamweight Title,1
UFC Fight Night: Dillashaw vs Cruz,TJ Dillashaw,Dominick Cruz,UFC Bantamweight Title,1
UFC 195: Lawler vs Condit,Robbie Lawler,Carlos Condit,UFC Welterweight Title,1
UFC on FOX: Dos Anjos vs. Cowboy 2,Rafael Dos Anjos,Donald Cerrone,UFC Lightweight Title,1
UFC 194: Aldo vs McGregor,Jose Aldo,Conor McGregor,UFC Featherweight Title,1
UFC 194: Aldo vs McGregor,Chris Weidman,Luke Rockhold,UFC Middleweight Title,1
The Ultimate Fighter: Team McGregor vs. Team Faber Finale,Artem Lobov,Ryan Hall,Ultimate Fighter 22 Lightweight Tournament Title,1
UFC Fight Night: Magny vs Gastelum,Erick Montano,Enrique Marin,Ultimate Fighter Latin America 2 Welterweight Tournament Title,1
UFC Fight Night: Magny vs Gastelum,Horacio Gutierrez,Enrique Barzola,Ultimate Fighter Latin America 2 Lightweight Tournament Title,1
UFC 193: Rousey vs Holm,Ronda Rousey,Holly Holm,UFC Women's Bantamweight Title,1
UFC 193: Rousey vs Holm,Joanna Jedrzejczyk,Valerie Letourneau,UFC Women's Strawweight Title,1
UFC 192: Cormier vs Gustafsson,Daniel Cormier,Alexander Gustafsson,UFC Light Heavyweight Title,1
UFC 191: Johnson vs Dodson 2,Demetrious Johnson,John Dodson,UFC Flyweight Title,1
UFC 190: Rousey vs Correia,Ronda Rousey,Bethe Correia,UFC Women's Bantamweight Title,1
UFC 190: Rousey vs Correia,Glaico Franca Moreira,Fernando Bruno,Ultimate Fighter Brazil 4 Lightweight Tournament Title,1
UFC 190: Rousey vs Correia,Reginaldo Vieira,Dileno Lopes,Ultimate Fighter Brazil 4 Bantamweight Tournament Title,1
UFC on FOX: Dillashaw vs. Barao II,TJ Dillashaw,Renan Barao,UFC Bantamweight Title,1
The Ultimate Fighter: American Top Team vs. Blackzilians Finale,Kamaru Usman,Hayder Hassan,Ultimate Fighter 21 Welterweight Tournament Title,1
UFC 189: Mendes vs McGregor,Chad Mendes,Conor McGregor,UFC Interim Featherweight Title,1
UFC 189: Mendes vs McGregor,Robbie Lawler,Rory MacDonald,UFC Welterweight Title,1
UFC Fight Night: Jedrzejczyk vs Penne,Joanna Jedrzejczyk,Jessica Penne,UFC Women's Strawweight Title,1
UFC 188: Velasquez vs Werdum,Cain Velasquez,Fabricio Werdum,UFC Heavyweight Title,1
UFC 187: Johnson vs Cormier,Anthony Johnson,Daniel Cormier,UFC Light Heavyweight Title,1
UFC 187: Johnson vs Cormier,Chris Weidman,Vitor Belfort,UFC Middleweight Title,1
UFC 186: Johnson vs Horiguchi,Demetrious Johnson,Kyoji Horiguchi,UFC Flyweight Title,1
UFC 185: Pettis vs Dos Anjos,Anthony Pettis,Rafael Dos Anjos,UFC Lightweight Title,1
UFC 185: Pettis vs Dos Anjos,Carla Esparza,Joanna Jedrzejczyk,UFC Women's Strawweight Title,1
UFC 184: Rousey vs Zingano,Ronda Rousey,Cat Zingano,UFC Women's Bantamweight Title,1
UFC 182: Jones vs Cormier,Jon Jones,Daniel Cormier,UFC Light Heavyweight Title,1
The Ultimate Fighter: A Champion Will Be Crowned Finale,Carla Esparza,Rose Namajunas,UFC Women's Strawweight Title,1
UFC 181: Hendricks vs Lawler II,Johny Hendricks,Robbie Lawler,UFC Welterweight Title,1
UFC 181: Hendricks vs Lawler II,Anthony Pettis,Gilbert Melendez,UFC Lightweight Title,1
UFC 180: Werdum vs Hunt,Fabricio Werdum,Mark Hunt,UFC Interim Heavyweight Title,1
UFC 180: Werdum vs Hunt,Yair Rodriguez,Leonardo Morales,Ultimate Fighter Latin America Featherweight Tournament Title,1
UFC 180: Werdum vs Hunt,Alejandro Perez,Jose Quinonez,Ultimate Fighter Latin America Bantamweight Tournament Title,1
UFC 179: Aldo vs Mendes 2,Jose Aldo,Chad Mendes,UFC Featherweight Title,1
UFC 178: Johnson vs Cariaso,Demetrious Johnson,Chris Cariaso,UFC Flyweight Title,1
UFC 177: Dillashaw vs Soto,TJ Dillashaw,Joe Soto,UFC Bantamweight Title,1
UFC Fight Night: Bisping vs Le,Guangyou Ning,Jianping Yang,Ultimate Fighter China Featherweight Tournament Title,1
The Ultimate Fighter: Team Edgar vs. Team Penn Finale,Corey Anderson,Matt Van Buren,Ultimate Fighter 19 Light Heavyweight Tournament Title,1
The Ultimate Fighter: Team Edgar vs. Team Penn Finale,Dhiego Lima,Eddie Gordon,Ultimate Fighter 19 Middleweight Tournament Title,1
UFC 175: Weidman vs Machida,Chris Weidman,Lyoto Machida,UFC Middleweight Title,1
UFC 175: Weidman vs Machida,Ronda Rousey,Alexis Davis,UFC Women's Bantamweight Title,1
UFC 174: Johnson vs Bagautinov,Demetrious Johnson,Ali Bagautinov,UFC Flyweight Title,1
UFC Fight Night: Miocic vs Maldonado,Vitor Miranda,Antonio Carlos Junior,Ultimate Fighter Brazil 3 Heavyweight Tournament Title,1
UFC Fight Night: Miocic vs Maldonado,Marcio Alexandre Junior,Warlley Alves,Ultimate Fighter Brazil 3 Middleweight Tournament Title,1
UFC 173: Barao vs Dillashaw,Renan Barao,TJ Dillashaw,UFC Bantamweight Title,1
UFC 172: Jones vs Teixeira,Jon Jones,Glover Teixeira,UFC Light Heavyweight Title,1
UFC Fight Night: Bisping vs Kennedy,Sheldon Westcott,Elias Theodorou,TUF Nations Canada vs. Australia Middleweight Tournament Title,1
UFC Fight Night: Bisping vs Kennedy,Chad Laprise,Olivier Aubin-Mercier,TUF Nations Canada vs. Australia Welterweight Tournament Title,1
UFC 171: Hendricks vs Lawler,Johny Hendricks,Robbie Lawler,UFC Welterweight Title,1
UFC Fight Night: Kim vs Hathaway,Sai Wang,Zhang Lipeng,Ultimate Fighter China Welterweight Tournament Title,1
UFC 170: Rousey vs McMann,Ronda Rousey,Sara McMann,UFC Women's Bantamweight Title,1
UFC 169: Barao vs Faber 2,Renan Barao,Urijah Faber,UFC Bantamweight Title,1
UFC 169: Barao vs Faber 2,Jose Aldo,Ricardo Lamas,UFC Featherweight Title,1
UFC 168: Weidman vs Silva 2,Chris Weidman,Anderson Silva,UFC Middleweight Title,1
UFC 168: Weidman vs Silva 2,Ronda Rousey,Miesha Tate,UFC Women's Bantamweight Title,1
UFC on FOX: Johnson vs. Benavidez 2,Demetrious Johnson,Joseph Benavidez,UFC Flyweight Title,1
The Ultimate Fighter: Team Rousey vs. Team Tate Finale,Julianna Pena,Jessica Rakoczy,Ultimate Fighter 18 Women's Bantamweight Tournament Title,1
The Ultimate Fighter: Team Rousey vs. Team Tate Finale,Chris Holdsworth,Davey Grant,Ultimate Fighter 18 Bantamweight Tournament Title,1
UFC 167: St-Pierre vs Hendricks,Georges St-Pierre,Johny Hendricks,UFC Welterweight Title,1
UFC 166: Velasquez vs Dos Santos 3,Cain Velasquez,Junior Dos Santos,UFC Heavyweight Title,1
UFC 165: Jones vs Gustafsson,Jon Jones,Alexander Gustafsson,UFC Light Heavyweight Title,1
UFC 165: Jones vs Gustafsson,Renan Barao,Eddie Wineland,UFC Interim Bantamweight Title,1
UFC 164: Henderson vs Pettis 2,Benson Henderson,Anthony Pettis,UFC Lightweight Title,1
UFC 163: Aldo vs Jung,Jose Aldo,Chan Sung Jung,UFC Featherweight Title,1
UFC on FOX: Johnson vs Moraga,Demetrious Johnson,John Moraga,UFC Flyweight Title,1
UFC 162: Silva vs Weidman,Anderson Silva,Chris Weidman,UFC Middleweight Title,1
UFC on FUEL TV: Nogueira vs. Werdum,William Macario,Leonardo Santos,Ultimate Fighter Brazil 2 Welterweight Tournament Title,1
UFC 160: Velasquez vs Silva 2,Cain Velasquez,Antonio Silva,UFC Heavyweight Title,1
UFC 159: Jones vs Sonnen,Jon Jones,Chael Sonnen,UFC Light Heavyweight Title,1
UFC on FOX: Henderson vs Melendez,Benson Henderson,Gilbert Melendez,UFC Lightweight Title,1
The Ultimate Fighter: Team Jones vs. Team Sonnen Finale,Uriah Hall,Kelvin Gastelum,Ultimate Fighter 17 Middleweight Tournament Title,1
UFC 158: St-Pierre vs Diaz,Georges St-Pierre,Nick Diaz,UFC Welterweight Title,1
UFC 157: Rousey vs Carmouche,Ronda Rousey,Liz Carmouche,UFC Women's Bantamweight Title,1
UFC on FUEL TV: Barao vs McDonald,Renan Barao,Michael McDonald,UFC Interim Bantamweight Title,1
UFC 156: Aldo vs Edgar,Jose Aldo,Frankie Edgar,UFC Featherweight Title,1
UFC on FOX: Johnson vs Dodson,Demetrious Johnson,John Dodson,UFC Flyweight Title,1
UFC 155: Dos Santos vs Velasquez II,Junior Dos Santos,Cain Velasquez,UFC Heavyweight Title,1
The Ultimate Fighter: Team Carwin vs. Team Nelson Finale,Colton Smith,Mike Ricci,Ultimate Fighter 16 Welterweight Tournament Title,1
UFC on FX: Sotiropoulos vs Pearson,Robert Whittaker,Brad Scott,Ultimate Fighter Australia vs. UK Welterweight Tournament Title,1
UFC on FX: Sotiropoulos vs Pearson,Colin Fletcher,Norman Parke,Ultimate Fighter Australia vs. UK Lightweight Tournament Title,1
UFC on FOX: Henderson vs Diaz,Benson Henderson,Nate Diaz,UFC Lightweight Title,1
UFC 154: St-Pierre vs Condit,Georges St-Pierre,Carlos Condit,UFC Welterweight Title,1
UFC 152: Jones vs Belfort,Jon Jones,Vitor Belfort,UFC Light Heavyweight Title,1
UFC 152: Jones vs Belfort,Joseph Benavidez,Demetrious Johnson,UFC Flyweight Title,1
UFC 150: Henderson vs Edgar II,Benson Henderson,Frankie Edgar,UFC Lightweight Title,1
UFC 149: Faber vs Barao,Urijah Faber,Renan Barao,UFC Interim Bantamweight Title,1
UFC 148: Silva vs Sonnen 2,Anderson Silva,Chael Sonnen,UFC Middleweight Title,1
UFC 147: Silva vs Franklin 2,Cezar Ferreira,Sergio Moraes,Ultimate Fighter Brazil 1 Middleweight Tournament Title,1
UFC 147: Silva vs Franklin 2,Godofredo Pepey,Rony Jason,Ultimate Fighter Brazil 1 Featherweight Tournament Title,1
The Ultimate Fighter: Live Finale,Michael Chiesa,Al Iaquinta,Ultimate Fighter 15 Lightweight Tournament Title,1
UFC 146: Dos Santos vs Mir,Junior Dos Santos,Frank Mir,UFC Heavyweight Title,1
UFC 145: Jones vs Evans,Jon Jones,Rashad Evans,UFC Light Heavyweight Title,1
UFC 144: Edgar vs Henderson,Frankie Edgar,Benson Henderson,UFC Lightweight Title,1
UFC 143: Diaz vs Condit,Nick Diaz,Carlos Condit,UFC Interim Welterweight Title,1
UFC 142: Aldo vs Mendes,Jose Aldo,Chad Mendes,UFC Featherweight Title,1
UFC 140: Jones vs Machida,Jon Jones,Lyoto Machida,UFC Light Heavyweight Title,1
The Ultimate Fighter: Team Bisping vs Team Miller Finale,Diego Brandao,Dennis Bermudez,Ultimate Fighter 14 Featherweight Tournament Title,1
The Ultimate Fighter: Team Bisping vs Team Miller Finale,TJ Dillashaw,John Dodson,Ultimate Fighter 14 Bantamweight Tournament Title,1
UFC on FOX: Velasquez vs Dos Santos,Cain Velasquez,Junior Dos Santos,UFC Heavyweight Title,1
UFC 136: Edgar vs Maynard 3,Frankie Edgar,Gray Maynard,UFC Lightweight Title,1
UFC 136: Edgar vs Maynard 3,Jose Aldo,Kenny Florian,UFC Featherweight Title,1
UFC Live: Cruz vs Johnson,Dominick Cruz,Demetrious Johnson,UFC Bantamweight Title,1
UFC 135: Jones vs Rampage,Jon Jones,Quinton Jackson,UFC Light Heavyweight Title,1
UFC 134: Silva vs Okami,Anderson Silva,Yushin Okami,UFC Middleweight Title,1
UFC 132: Cruz vs Faber,Dominick Cruz,Urijah Faber,UFC Bantamweight Title,1
The Ultimate Fighter: Team Lesnar vs Team dos Santos Finale,Ramsey Nijem,Tony Ferguson,Ultimate Fighter 13 Welterweight Tournament Title,1
UFC 129: St-Pierre vs Shields,Georges St-Pierre,Jake Shields,UFC Welterweight Title,1
UFC 129: St-Pierre vs Shields,Jose Aldo,Mark Hominick,UFC Featherweight Title,1
UFC 128: Shogun vs Jones,Mauricio Rua,Jon Jones,UFC Light Heavyweight Title,1
UFC 126: Silva vs Belfort,Anderson Silva,Vitor Belfort,UFC Middleweight Title,1
UFC 124: St-Pierre vs Koscheck 2,Georges St-Pierre,Josh Koscheck,UFC Welterweight Title,1
The Ultimate Fighter: Team GSP vs Team Koscheck Finale,Jonathan Brookins,Michael Johnson,Ultimate Fighter 12 Lightweight Tournament Title,1
UFC 121: Lesnar vs Velasquez,Brock Lesnar,Cain Velasquez,UFC Heavyweight Title,1
UFC 118: Edgar vs Penn 2,Frankie Edgar,BJ Penn,UFC Lightweight Title,1
UFC 117: Silva vs Sonnen,Anderson Silva,Chael Sonnen,UFC Middleweight Title,1
UFC 116: Lesnar vs Carwin,Brock Lesnar,Shane Carwin,UFC Heavyweight Title,1
The Ultimate Fighter: Team Liddell vs Team Ortiz Finale,Court McGee,Kris McCray,Ultimate Fighter 11 Middleweight Tournament Title,1
UFC 113: Machida vs Shogun 2,Lyoto Machida,Mauricio Rua,UFC Light Heavyweight Title,1
UFC 112: Invincible,Anderson Silva,Demian Maia,UFC Middleweight Title,1
UFC 112: Invincible,BJ Penn,Frankie Edgar,UFC Lightweight Title,1
UFC 111: St-Pierre vs Hardy,Georges St-Pierre,Dan Hardy,UFC Welterweight Title,1
UFC 111: St-Pierre vs Hardy,Frank Mir,Shane Carwin,UFC Interim Heavyweight Title,1
UFC 107: Penn vs Sanchez,BJ Penn,Diego Sanchez,UFC Lightweight Title,1
The Ultimate Fighter: Heavyweights Finale,Roy Nelson,Brendan Schaub,Ultimate Fighter 10 Heavyweight Tournament Title,1
UFC 104: Machida vs Shogun,Lyoto Machida,Mauricio Rua,UFC Light Heavyweight Title,1
UFC 101: Declaration,BJ Penn,Kenny Florian,UFC Lightweight Title,1
UFC 100,Brock Lesnar,Frank Mir,UFC Heavyweight Title,1
UFC 100,Georges St-Pierre,Thiago Alves,UFC Welterweight Title,1
The Ultimate Fighter: United States vs. United Kingdom Finale,James Wilks,DaMarques Johnson,Ultimate Fighter 9 Welterweight Tournament Title,1
The Ultimate Fighter: United States vs. United Kingdom Finale,Ross Pearson,Andre Winner,Ultimate Fighter 9 Lightweight Tournament Title,1
UFC 98: Evans vs Machida,Lyoto Machida,Rashad Evans,UFC Light Heavyweight Title,1
UFC 97: Redemption,Anderson Silva,Thales Leites,UFC Middleweight Title,1
UFC 94: St-Pierre vs Penn 2,Georges St-Pierre,BJ Penn,UFC Welterweight Title,1
UFC 92: The Ultimate 2008,Rashad Evans,Forrest Griffin,UFC Light Heavyweight Title,1
UFC 92: The Ultimate 2008,Frank Mir,Antonio Rodrigo Nogueira,UFC Interim Heavyweight Title,1
The Ultimate Fighter: Team Nogueira vs. Team Mir Finale,Efrain Escudero,Phillipe Nover,Ultimate Fighter 8 Lightweight Tournament Title,1
The Ultimate Fighter: Team Nogueira vs. Team Mir Finale,Ryan Bader,Vinny Magalhaes,Ultimate Fighter 8 Light Heavyweight Tournament Title,1
UFC 91: Couture vs Lesnar,Brock Lesnar,Randy Couture,UFC Heavyweight Title,1
UFC 90: Silva vs Cote,Anderson Silva,Patrick Cote,UFC Middleweight Title,1
UFC 87: Seek And Destroy,Georges St-Pierre,Jon Fitch,UFC Welterweight Title,1
UFC 86: Jackson vs Griffin,Forrest Griffin,Quinton Jackson,UFC Light Heavyweight Title,1
The Ultimate Fighter: Team Rampage vs Team Forrest Finale,Amir Sadollah,CB Dollaway,Ultimate Fighter 7 Middleweight Tournament Title,1
UFC 84: Ill Will,BJ Penn,Sean Sherk,UFC Lightweight Title,1
UFC 83: Serra vs St-Pierre 2,Georges St-Pierre,Matt Serra,UFC Welterweight Title,1
UFC 82: Pride of a Champion,Anderson Silva,Dan Henderson,UFC Middleweight Title,1
UFC 81: Breaking Point,Antonio Rodrigo Nogueira,Tim Sylvia,UFC Interim Heavyweight Title,1
UFC 80: Rapid Fire,BJ Penn,Joe Stevenson,UFC Lightweight Title,1
UFC 79: Nemesis,Georges St-Pierre,Matt Hughes,UFC Interim Welterweight Title,1
The Ultimate Fighter: Team Hughes vs. Team Serra Finale,Mac Danzig,Tommy Speer,Ultimate Fighter 6 Welterweight Tournament Title,1
UFC 77: Hostile Territory,Anderson Silva,Rich Franklin,UFC Middleweight Title,1
UFC 75: Champion vs Champion,Quinton Jackson,Dan Henderson,UFC Light Heavyweight Title,1
UFC 74: Respect,Randy Couture,Gabriel Gonzaga,UFC Heavyweight Title,1
UFC 73: Stacked,Anderson Silva,Nate Marquardt,UFC Middleweight Title,1
UFC 73: Stacked,Sean Sherk,Hermes Franca,UFC Lightweight Title,1
The Ultimate Fighter: Team Pulver vs. Team Penn Finale,Nate Diaz,Manvel Gamburyan,Ultimate Fighter 5 Lightweight Tournament Title,1
UFC 71: Liddell vs Jackson,Quinton Jackson,Chuck Liddell,UFC Light Heavyweight Title,1
UFC 69: Shootout,Matt Serra,Georges St-Pierre,UFC Welterweight Title,1
UFC 68: The Uprising,Randy Couture,Tim Sylvia,UFC Heavyweight Title,1
UFC 66: Liddell vs Ortiz 2,Chuck Liddell,Tito Ortiz,UFC Light Heavyweight Title,1
UFC 65: Bad Intentions,Georges St-Pierre,Matt Hughes,UFC Welterweight Title,1
UFC 65: Bad Intentions,Tim Sylvia,Jeff Monson,UFC Heavyweight Title,1
The Ultimate Fighter: The Comeback Finale,Matt Serra,Chris Lytle,Ultimate Fighter 4 Welterweight Tournament Title,1
The Ultimate Fighter: The Comeback Finale,Travis Lutter,Patrick Cote,Ultimate Fighter 4 Middleweight Tournament Title,1
UFC 64: Unstoppable,Anderson Silva,Rich Franklin,UFC Middleweight Title,1
UFC 64: Unstoppable,Sean Sherk,Kenny Florian,UFC Lightweight Title,1
UFC 63: Hughes vs Penn,Matt Hughes,BJ Penn,UFC Welterweight Title,1
UFC 62: Liddell vs Sobral,Chuck Liddell,Renato Sobral,UFC Light Heavyweight Title,1
UFC 61: Bitter Rivals,Tim Sylvia,Andrei Arlovski,UFC Heavyweight Title,1
The Ultimate Fighter: Team Ortiz vs. Team Shamrock Finale,Michael Bisping,Josh Haynes,Ultimate Fighter 3 Light Heavyweight Tournament Title,1
The Ultimate Fighter: Team Ortiz vs. Team Shamrock Finale,Kendall Grove,Ed Herman,Ultimate Fighter 3 Middleweight Tournament Title,1
UFC 59: Reality Check,Tim Sylvia,Andrei Arlovski,UFC Heavyweight Title,1
UFC 58: USA vs Canada,Rich Franklin,David Loiseau,UFC Middleweight Title,1
UFC 57: Liddell vs Couture 3,Chuck Liddell,Randy Couture,UFC Light Heavyweight Title,1
UFC 56: Full Force,Rich Franklin,Nate Quarry,UFC Middleweight Title,1
The Ultimate Fighter: Team Hughes vs. Team Franklin Finale,Rashad Evans,Brad Imes,Ultimate Fighter 2 Heavyweight Tournament Title,1
The Ultimate Fighter: Team Hughes vs. Team Franklin Finale,Joe Stevenson,Luke Cummo,Ultimate Fighter 2 Welterweight Tournament Title,1
UFC 55: Fury,Andrei Arlovski,Paul Buentello,UFC Heavyweight Title,1
UFC 54: Boiling Point,Chuck Liddell,Jeremy Horn,UFC Light Heavyweight Title,1
UFC 53: Heavy Hitters,Andrei Arlovski,Justin Eilers,UFC Interim Heavyweight Title,1
UFC 53: Heavy Hitters,Rich Franklin,Evan Tanner,UFC Middleweight Title,1
UFC 52: Couture vs Liddell 2,Chuck Liddell,Randy Couture,UFC Light Heavyweight Title,1
UFC 52: Couture vs Liddell 2,Matt Hughes,Frank Trigg,UFC Welterweight Title,1
The Ultimate Fighter: Team Couture vs. Team Liddell Finale,Forrest Griffin,Stephan Bonnar,Ultimate Fighter 1 Light Heavyweight Tournament Title,1
The Ultimate Fighter: Team Couture vs. Team Liddell Finale,Diego Sanchez,Kenny Florian,Ultimate Fighter 1 Middleweight Tournament Title,1
UFC 51: Super Saturday,Andrei Arlovski,Tim Sylvia,UFC Interim Heavyweight Title,1
UFC 51: Super Saturday,Evan Tanner,David Terrell,UFC Middleweight Title,1
UFC 50: The War Of '04,Matt Hughes,Georges St-Pierre,UFC Welterweight Title,1
UFC 49: Unfinished Business,Randy Couture,Vitor Belfort,UFC Light Heavyweight Title,1
UFC 48: Payback,Frank Mir,Tim Sylvia,UFC Heavyweight Title,1
UFC 46: Supernatural,Vitor Belfort,Randy Couture,UFC Light Heavyweight Title,1
UFC 46: Supernatural,BJ Penn,Matt Hughes,UFC Welterweight Title,1
UFC 45: Revolution,Matt Hughes,Frank Trigg,UFC Welterweight Title,1
UFC 44: Undisputed,Randy Couture,Tito Ortiz,UFC Light Heavyweight Title,1
UFC 44: Undisputed,Tim Sylvia,Gan McGee,UFC Heavyweight Title,1
UFC 43: Meltdown,Randy Couture,Chuck Liddell,UFC Interim Light Heavyweight Title,1
UFC 42: Sudden Impact,Matt Hughes,Sean Sherk,UFC Welterweight Title,1
UFC 41: Onslaught,Tim Sylvia,Ricco Rodriguez,UFC Heavyweight Title,1
UFC 40: Vendetta,Tito Ortiz,Ken Shamrock,UFC Light Heavyweight Title,1
UFC 40: Vendetta,Matt Hughes,Gil Castillo,UFC Welterweight Title,1
UFC 39: The Warriors Return,Ricco Rodriguez,Randy Couture,UFC Heavyweight Title,1
UFC 38: Brawl at the Hall,Matt Hughes,Carlos Newton,UFC Welterweight Title,1
UFC 37: High Impact,Murilo Bustamante,Matt Lindland,UFC Middleweight Title,1
UFC 36: Worlds Collide,Josh Barnett,Randy Couture,UFC Heavyweight Title,1
UFC 36: Worlds Collide,Matt Hughes,Hayato Sakurai,UFC Welterweight Title,1
UFC 35: Throwdown,Jens Pulver,BJ Penn,UFC Lightweight Title,1
UFC 35: Throwdown,Murilo Bustamante,Dave Menne,UFC Middleweight Title,1
UFC 34: High Voltage,Randy Couture,Pedro Rizzo,UFC Heavyweight Title,1
UFC 34: High Voltage,Matt Hughes,Carlos Newton,UFC Welterweight Title,1
UFC 33: Victory in Vegas,Tito Ortiz,Vladimir Matyushenko,UFC Light Heavyweight Title,1
UFC 33: Victory in Vegas,Jens Pulver,Dennis Hallman,UFC Lightweight Title,1
UFC 33: Victory in Vegas,Dave Menne,Gil Castillo,UFC Middleweight Title,1
UFC 32: Showdown in the Meadowlands,Tito Ortiz,Elvis Sinosic,UFC Light Heavyweight Title,1
UFC 31: Locked and Loaded,Randy Couture,Pedro Rizzo,UFC Heavyweight Title,1
UFC 31: Locked and Loaded,Carlos Newton,Pat Miletich,UFC Welterweight Title,1
UFC 30: Battle on the Boardwalk,Tito Ortiz,Evan Tanner,UFC Light Heavyweight Title,1
UFC 30: Battle on the Boardwalk,Jens Pulver,Caol Uno,UFC Lightweight Title,1
UFC 29: Defense of the Belts,Tito Ortiz,Yuki Kondo,UFC Light Heavyweight Title,1
UFC 29: Defense of the Belts,Pat Miletich,Kenichi Yamamoto,UFC Welterweight Title,1
UFC 28: High Stakes,Randy Couture,Kevin Randleman,UFC Heavyweight Title,1
UFC 26: Ultimate Field Of Dreams,Kevin Randleman,Pedro Rizzo,UFC Heavyweight Title,1
UFC 26: Ultimate Field Of Dreams,Pat Miletich,John Alessio,UFC Welterweight Title,1
UFC 25: Ultimate Japan 3,Tito Ortiz,Wanderlei Silva,UFC Light Heavyweight Title,1
UFC 23: Ultimate Japan 2,Kevin Randleman,Pete Williams,UFC Heavyweight Title,1
UFC 23: Ultimate Japan 2,Kenichi Yamamoto,Katsuhisa Fujii,Ultimate Japan 2 Heavyweight Tournament Title,1
UFC 22: Only One Can be Champion,Frank Shamrock,Tito Ortiz,UFC Light Heavyweight Title,1
UFC 21: Return of the Champions,Pat Miletich,Andre Pederneiras,UFC Welterweight Title,1
UFC 20: Battle for the Gold,Bas Rutten,Kevin Randleman,UFC Heavyweight Title,1
UFC 18: The Road to the Heavyweight Title,Pat Miletich,Jorge Patino,UFC Welterweight Title,1
UFC - Ultimate Brazil,Frank Shamrock,John Lober,UFC Light Heavyweight Title,1
UFC - Ultimate Brazil,Pat Miletich,Mikey Burnett,UFC Welterweight Title,1
UFC 17: Redemption,Frank Shamrock,Jeremy Horn,UFC Light Heavyweight Title,1
UFC 17: Redemption,Dan Henderson,Carlos Newton,UFC 17 Middleweight Tournament Title,1
UFC 16: Battle in the Bayou,Frank Shamrock,Igor Zinoviev,UFC Light Heavyweight Title,1
UFC - Ultimate Japan,Randy Couture,Maurice Smith,UFC Heavyweight Title,1
UFC - Ultimate Japan,Kazushi Sakuraba,Marcus Silveira,Ultimate Japan Heavyweight Tournament Title,1
UFC - Ultimate Japan,Frank Shamrock,Kevin Jackson,UFC Light Heavyweight Title,1
UFC 15: Collision Course,Maurice Smith,David Abbott,UFC Heavyweight Title,1
UFC 15: Collision Course,Mark Kerr,Dwayne Cason,UFC 15 Heavyweight Tournament Title,1
UFC 14: Showdown,Maurice Smith,Mark Coleman,UFC Heavyweight Title,1
UFC 14: Showdown,Mark Kerr,Dan Bobish,UFC 14 Heavyweight Tournament Title,1
UFC 14: Showdown,Kevin Jackson,Tony Fryklund,UFC 14 Middleweight Tournament Title,1
UFC 13: The Ultimate Force,Randy Couture,Steven Graham,UFC 13 Heavyweight Tournament Title,1
UFC 13: The Ultimate Force,Guy Mezger,Tito Ortiz,UFC 13 Lightweight Tournament Title,1
UFC 12: Judgement Day,Mark Coleman,Dan Severn,UFC Heavyweight Title,1
UFC - Ultimate Ultimate '96,Don Frye,David Abbott,Ultimate Ultimate '96 Tournament Title,1
UFC 10: The Tournament,Mark Coleman,Don Frye,UFC 10 Tournament Title,1
UFC 8: David vs Goliath,Don Frye,Gary Goodridge,UFC 8 Tournament Title,1
UFC - Ultimate Ultimate '95,Dan Severn,Oleg Taktarov,Ultimate Ultimate '95 Tournament Title,1
UFC 7: The Brawl in Buffalo,Marco Ruas,Paul Varelans,UFC 7 Tournament Title,1
UFC 6: Clash of the Titans,Oleg Taktarov,David Abbott,UFC 6 Tournament Title,1
UFC 5: The Return of the Beast,Dan Severn,Dave Beneteau,UFC 5 Tournament Title,1
UFC 4: Revenge of the Warriors,Royce Gracie,Dan Severn,UFC 4 Tournament Title,1
UFC 3: The American Dream,Steve Jennum,Harold Howard,UFC 3 Tournament Title,1
UFC 2: No Way Out,Royce Gracie,Patrick Smith,UFC 2 Tournament Title,1
